{"cameraMode":{"drawMode":0,"name":"Shaded","section":"Shading Mode"},"sceneLighting":true,"audioPlay":false,"sceneViewState":{"m_AlwaysRefresh":true,"showFog":false,"showSkybox":true,"showFlares":true,"showImageEffects":true,"showParticleSystems":true,"showVisualEffectGraphs":true,"m_FxEnabled":true},"in2DMode":false,"pivot":{"x":-0.4637197256088257,"y":3.2042927742004396,"z":0.491887629032135},"rotation":{"x":0.0017423992976546288,"y":0.9851298928260803,"z":-0.1715201437473297,"w":0.01000673696398735},"size":4.827542781829834,"orthographic":false}